Time Step,Opinion Mean,Opinion SD,Friends Mean,Friends SD
0,-0.008391655432175899,0.5859231095573124,9.92,3.1127479820891377
1,-0.007903936754265194,0.5902570335271814,9.92,3.1128764832546763
2,-0.009389113757026332,0.5964320206760864,9.92,3.1127801078778434
3,-0.009163644232372994,0.6019051750345281,9.92,3.1127158559688675
4,-0.009339320362791803,0.6072528588995464,9.92,3.1129407318482634
5,-0.011716309031540712,0.6080488992973908,9.92,3.113101347531108
6,-0.013470672423477959,0.6104474052468599,9.92,3.1130049791158383
7,-0.014746068127705323,0.6157941512160786,9.92,3.113197712963313
8,-0.016875109841577723,0.6198415895697255,9.92,3.113872187486185
9,-0.01816701548169382,0.6215876011028133,9.92,3.1136473788789893
10,-0.017490968548946436,0.6221472102178254,9.92,3.1135510273640934
11,-0.01835736616234286,0.6245421098623777,9.92,3.1133583153887057
12,-0.018898782068647438,0.6268128410946952,9.92,3.1135510273640934
13,-0.018938787513096928,0.6290183059144929,9.92,3.113294075412729
14,-0.01988538191481958,0.630827545300632,9.92,3.1133261955664073
15,-0.019842448679490497,0.633826291476575,9.92,3.1135189095298585
16,-0.019232254262624825,0.6351265290454992,9.92,3.1131655914840124
17,-0.020513397279522318,0.6363016258143577,9.92,3.1132619549276606
18,-0.020693618520562205,0.6396434474515011,9.92,3.1131655914840124
19,-0.02250639969527872,0.6396700162946527,9.92,3.1137116115658494
20,-0.025030000952537802,0.6394082322295065,9.92,3.1133904348796344
21,-0.025337760924510868,0.6389305645628325,9.92,3.1133904348796344
22,-0.02658758153592017,0.639474790121601,9.92,3.113229834111192
23,-0.026085748862612154,0.6413095713835184,9.92,3.113229834111192
24,-0.026760963359496202,0.6427775122561369,9.92,3.112651602733592
25,-0.025665563779143793,0.6447519325177873,9.92,3.112458835069148
26,-0.026565583160977825,0.6420181383826971,9.92,3.112458835069148
27,-0.026436099213955937,0.6417918620926697,9.92,3.112458835069148
28,-0.02854244589037333,0.6452306867092361,9.92,3.112458835069148
29,-0.029643776302881907,0.6459636198316725,9.92,3.1128764832546763
30,-0.030644291596627238,0.6469176907436566,9.92,3.112972855647797
31,-0.03272828158022344,0.6485411342241427,9.92,3.1129407318482634
32,-0.03387650905959407,0.6518518790927941,9.92,3.1130049791158383
33,-0.03486148353560113,0.653070213081169,9.92,3.1130049791158383
34,-0.03549806516923287,0.653991894598805,9.92,3.1131655914840124
35,-0.03724217495536069,0.656486985276295,9.92,3.1135510273640934
36,-0.03697906999747554,0.6581943045267836,9.92,3.1135510273640934
37,-0.040169985513181565,0.659860559433155,9.92,3.1137437274123894
38,-0.04201090059449335,0.6602096678496947,9.92,3.11384007296457
39,-0.04281544677467936,0.6609041074560101,9.92,3.1141290917365647
40,-0.04254481378327453,0.6639274852123206,9.92,3.1140006422606916
41,-0.04472795139557023,0.6636025215165419,9.92,3.1139685290638375
42,-0.04521906879716978,0.6644398885397264,9.92,3.114225425366635
43,-0.04659215952504395,0.6641972524884996,9.92,3.11432175601687
44,-0.04663053545092669,0.6650406324653793,9.92,3.1142575359144593
45,-0.04783771792935726,0.6668504764704529,9.92,3.113872187486185
46,-0.04942936218330217,0.6652992618719933,9.92,3.1140327551263813
47,-0.050635183690973876,0.6652587872338163,9.92,3.1139685290638375
48,-0.05220324202743311,0.6644278648563657,9.92,3.1137116115658494
49,-0.05498555949402879,0.663461358533708,9.92,3.1138079581117393
50,-0.059160254242300536,0.6653822900101835,9.92,3.113872187486185
51,-0.060523358548173256,0.6670659914338569,9.92,3.1140648676609164
52,-0.06166651963888003,0.6649529031637927,9.92,3.1135189095298585
53,-0.06202322386241985,0.6650559862675975,9.92,3.1134867913643056
54,-0.06308276711619708,0.6664546495179993,9.92,3.1134867913643056
55,-0.06410923580714739,0.6688288814991831,9.92,3.1132619549276606
56,-0.06504494542367285,0.6695043711030955,9.92,3.1133261955664073
57,-0.06837516454351411,0.6689255903248332,9.92,3.1134546728674244
58,-0.07100162083962613,0.6687793845510164,9.92,3.1134546728674244
59,-0.07301917331031918,0.6707044112788926,9.92,3.1135831448670195
60,-0.07607088186811041,0.6707378765689852,9.92,3.113294075412729
61,-0.07944621761523749,0.6725129667688492,9.92,3.113422554039204
62,-0.0813733195436826,0.6742046228134091,9.92,3.1133583153887057
63,-0.08240181465770473,0.6731843959505288,9.92,3.1133583153887057
64,-0.08538061764981611,0.6714428532666264,9.92,3.1128443584606025
65,-0.0875018754795784,0.6724155379417448,9.92,3.1128443584606025
66,-0.09042133682881412,0.6741475750268011,9.92,3.1131655914840124
67,-0.09078104243568909,0.6747244271842785,9.92,3.1128122333349952
68,-0.09234552624716016,0.673561193320486,9.92,3.1125873481719353
69,-0.09560987747678078,0.6761618750237585,9.92,3.1125873481719353
70,-0.09897827654765419,0.6782012001671344,9.92,3.1125873481719353
71,-0.10013665630318298,0.67903029723737,9.92,3.1126194756185663
72,-0.10256579956620612,0.6791843018921861,9.92,3.112651602733592
73,-0.10610331132733873,0.6790732053371867,9.92,3.1126837295170224
74,-0.10977663135882822,0.6802899489620868,9.92,3.112651602733592
75,-0.11240068237434912,0.6809169067671943,9.92,3.112651602733592
76,-0.11714632317683579,0.6811816350398564,9.92,3.112972855647797
77,-0.1215140764315392,0.6841453706407311,9.92,3.113101347531108
78,-0.12563259320838205,0.6838546911891372,9.92,3.113101347531108
79,-0.12968812725285964,0.6840815739839773,9.92,3.1132619549276606
80,-0.13283108681244812,0.6846450074156312,9.92,3.113197712963313
81,-0.13561255627035015,0.6844618025252588,9.92,3.113197712963313
82,-0.13863636413139316,0.6853768164222218,9.92,3.1133261955664073
83,-0.14256788184792357,0.6866901646342007,9.92,3.1133261955664073
84,-0.14637818946547043,0.6867194749110387,9.92,3.113229834111192
85,-0.15087790569579573,0.6878964165015127,9.92,3.1127801078778434
86,-0.15433625725597044,0.6857326523205655,9.92,3.112426705964335
87,-0.1588866238713319,0.6853756519816335,9.92,3.112426705964335
88,-0.16325664330302042,0.6844146408634778,9.92,3.112555220393688
89,-0.16841848669777645,0.6837397772221114,9.92,3.1126837295170224
90,-0.1728827366169781,0.6818146361991997,9.92,3.1128122333349952
91,-0.17647286992057346,0.6813108579062667,9.92,3.1128764832546763
92,-0.17953830186809608,0.6802793407610654,9.92,3.112555220393688
93,-0.18376101592644994,0.6803681642252652,9.92,3.1126837295170224
94,-0.1873738235219801,0.6792004149565741,9.92,3.1126837295170224
95,-0.19163756558661066,0.680177092270105,9.92,3.1126194756185663
96,-0.1963609928543961,0.6799019694696404,9.92,3.112555220393688
97,-0.20180814051786672,0.679457724250712,9.92,3.112490963842305
98,-0.20687212500296806,0.6803664252136494,9.92,3.1123624467596955
99,-0.2117696544692086,0.6794429326863335,9.92,3.1123624467596955
100,-0.21822978463218093,0.6795298865949443,9.92,3.112266055465053
101,-0.2217431869510344,0.6774725561377276,9.92,3.112137529094754
102,-0.226552872185879,0.676817867159768,9.92,3.1122981862283057
103,-0.231191652028224,0.6776289719693301,9.92,3.112201792943382
104,-0.23842665560343612,0.6761991847832902,9.92,3.112266055465053
105,-0.24515984751307895,0.6758624981857291,9.92,3.112073263919087
106,-0.25132425792388335,0.6744046214429418,9.92,3.1122981862283057
107,-0.25780428293616153,0.6733719020364235,9.92,3.112426705964335
108,-0.2638753855817488,0.673370548891888,9.92,3.1125230922838147
109,-0.27072510937505556,0.670680403161359,9.92,3.1131334696732806
110,-0.27642604756403005,0.6688067914522974,9.92,3.113101347531108
111,-0.2817423771915922,0.6678912178074142,9.92,3.113101347531108
112,-0.28788827393259264,0.6683967304465939,9.92,3.113101347531108
113,-0.29456514633873276,0.6700569292972869,9.92,3.1130692250574836
114,-0.30168377645979966,0.668558551181037,9.92,3.112490963842305
115,-0.3083045815561572,0.6674806790731597,9.92,3.112490963842305
116,-0.31596483425852573,0.6660581887469452,9.92,3.1122339243700816
117,-0.3210029987919007,0.6651405599884002,9.92,3.112426705964335
118,-0.3264721312025549,0.6659958505980419,9.92,3.1127158559688675
119,-0.3339198509111105,0.6641682509531232,9.92,3.1127158559688675
120,-0.34093834262177103,0.6615426719109343,9.92,3.1125873481719353
121,-0.34813014464441444,0.658071915409647,9.92,3.112555220393688
122,-0.35560650840625196,0.6570525121007735,9.92,3.112137529094754
123,-0.3623833132729539,0.656253485725934,9.92,3.112137529094754
124,-0.3705992474257851,0.6534762897772327,9.92,3.112490963842305
125,-0.37854349315750807,0.6499454974251755,9.92,3.112490963842305
126,-0.3864446420868465,0.645721690566938,9.92,3.1122981862283057
127,-0.392699264490958,0.6430107532945817,9.92,3.112426705964335
128,-0.39935304085452156,0.6398814310536535,9.92,3.112073263919087
129,-0.40672815985743416,0.637306686521659,9.92,3.112008997416299
130,-0.4156502629097383,0.6330292696778,9.92,3.112008997416299
131,-0.42527454306759765,0.6288270185026712,9.92,3.112458835069148
132,-0.43290022067079337,0.6266666456611123,9.92,3.112458835069148
133,-0.4417629900712138,0.6243458543355647,9.92,3.112458835069148
134,-0.44940668493057967,0.6205466571593155,9.92,3.112490963842305
135,-0.4589494031001821,0.6156905360466514,9.92,3.112394576527854
136,-0.46708757495554765,0.613038517549537,9.92,3.112426705964335
137,-0.4765837419426407,0.6082062217680506,9.92,3.112426705964335
138,-0.48745228948862185,0.6030377736194577,9.92,3.1123624467596955
139,-0.49493719705610967,0.599658628141203,9.92,3.1121696611849425
140,-0.5056825169657317,0.594835379442329,9.92,3.112201792943382
141,-0.5138724097108317,0.5907760458736295,9.92,3.112201792943382
142,-0.5232556805313726,0.5851352192062083,9.92,3.1122339243700816
143,-0.5319860716176671,0.581303242819783,9.92,3.1115269563351045
144,-0.5427784217267836,0.5754347208123618,9.92,3.111623370525424
145,-0.5531106156801064,0.571903809476312,9.92,3.111623370525424
146,-0.5655828003287308,0.5674978832582189,9.92,3.111591232793922
147,-0.5736940176836186,0.5623688908854322,9.92,3.111462678548467
148,-0.583120099732024,0.5580345364639424,9.92,3.1113983994339267
149,-0.5914619911633555,0.5536919366455403,9.92,3.1113983994339267
150,-0.60223680443787,0.549153271664044,9.92,3.1113983994339267
151,-0.6126937555948061,0.5452382857055523,9.92,3.111784054204276
152,-0.6226818730883755,0.538240774801771,9.92,3.111784054204276
153,-0.6310967074014099,0.5305461821033459,9.92,3.111784054204276
154,-0.6411380206508577,0.52615797592574,9.92,3.1116555079250015
155,-0.6510922275836563,0.5211328929776207,9.92,3.1116555079250015
156,-0.6611735754329268,0.51425425357032,9.92,3.1116555079250015
157,-0.6707979395428295,0.5076529800336235,9.92,3.112008997416299
158,-0.6813570552309697,0.500790878702144,9.92,3.112073263919087
159,-0.6912441843997205,0.49342650925261794,9.92,3.112137529094754
160,-0.7009255150404522,0.48635130808728516,9.92,3.1120411308335885
161,-0.7103522677060179,0.47954482020459877,9.92,3.111944729586308
162,-0.7188847251375253,0.47233933259854427,9.92,3.111976863667209
163,-0.7274630023249562,0.46505204548562873,9.92,3.1121053966728054
164,-0.736855736989544,0.4580113580767703,9.92,3.1121053966728054
165,-0.7449557221022752,0.44958056718064476,9.92,3.1121053966728054
166,-0.7544884100790692,0.4407540824362986,9.92,3.1121053966728054
167,-0.7633442843807596,0.43411006585851686,9.92,3.1121696611849425
168,-0.7726008636900881,0.4269466593635946,9.92,3.1121696611849425
169,-0.7798598568525089,0.419793080355716,9.92,3.1122339243700816
170,-0.7873747341018797,0.41394065144982783,9.92,3.112201792943382
171,-0.7952774037944184,0.40805462733433523,9.92,3.112201792943382
172,-0.8027404180308324,0.4005439501255025,9.92,3.112201792943382
173,-0.8111250725452771,0.39246672036287755,9.92,3.112201792943382
174,-0.8202496604228787,0.3836698554449697,9.92,3.1123624467596955
175,-0.8300337610829651,0.37448419181394565,9.92,3.1123624467596955
176,-0.8369204010318779,0.3674125067996874,9.92,3.1123624467596955
177,-0.8444476958361905,0.36074380587336485,9.92,3.1123624467596955
178,-0.8509185855794692,0.35476871449421044,9.92,3.1123624467596955
179,-0.85701598139687,0.34836906086931935,9.92,3.1122339243700816
180,-0.8630057591330875,0.3397930532855096,9.92,3.1122339243700816
181,-0.8682388174943589,0.3341456985935777,9.92,3.1122339243700816
182,-0.8751178253679737,0.32680220195590803,9.92,3.1122339243700816
183,-0.8810499520142071,0.32044827024198713,9.92,3.112458835069148
184,-0.8860581339658052,0.3138766757125362,9.92,3.112458835069148
185,-0.8913031640943742,0.30628358689646823,9.92,3.112458835069148
186,-0.8972932269973466,0.29801784438969386,9.92,3.112458835069148
187,-0.9028793509815565,0.29015436904242703,9.92,3.112458835069148
188,-0.9072646078529204,0.2820453469669681,9.92,3.112458835069148
189,-0.9116127147553945,0.2754541066086909,9.92,3.112394576527854
190,-0.915351395940892,0.2686043785806657,9.92,3.112394576527854
191,-0.9201698344163467,0.25952370419408743,9.92,3.112394576527854
192,-0.9245084465571839,0.2527059318476834,9.92,3.112394576527854
193,-0.9276919732051935,0.24822845789405168,9.92,3.112394576527854
194,-0.9307106661266169,0.24268269729596548,9.92,3.112394576527854
195,-0.9341944165932233,0.2349404540236846,9.92,3.112394576527854
196,-0.9375157903501091,0.22873246767753366,9.92,3.112394576527854
197,-0.9405924919947558,0.22222847009518273,9.92,3.112394576527854
198,-0.9440270813074809,0.21762238588411484,9.92,3.112394576527854
199,-0.9475378667241464,0.2098175984243958,9.92,3.112394576527854
200,-0.9509140029969927,0.2025685719800673,9.92,3.112394576527854
201,-0.9534038267985965,0.19725460110408669,9.92,3.112394576527854
202,-0.9554209936624979,0.19210739506966523,9.92,3.112394576527854
203,-0.9583510269453358,0.1851047394463808,9.92,3.1123303166598495
204,-0.9601453523467343,0.1806475519672703,9.92,3.112426705964335
205,-0.9629226534430178,0.1739650795000573,9.92,3.112426705964335
206,-0.9649170563384183,0.16864432186065248,9.92,3.112426705964335
207,-0.9666533485994704,0.16417249321434635,9.92,3.112426705964335
208,-0.9688049888830905,0.15941459158133792,9.92,3.112426705964335
209,-0.9707091907679631,0.15520459695511796,9.92,3.112426705964335
210,-0.9722107989839922,0.1506273844449239,9.92,3.112426705964335
211,-0.9736777121274801,0.14582493370922642,9.92,3.112426705964335
212,-0.9750875627983061,0.1423121551098534,9.92,3.112426705964335
213,-0.9762486333561697,0.13901250206750143,9.92,3.112426705964335
214,-0.9773461214166258,0.1355784639347021,9.92,3.112426705964335
215,-0.9788969420188077,0.1319544319176608,9.92,3.112426705964335
216,-0.9800599068001368,0.1281369250567063,9.92,3.112426705964335
217,-0.9808995293780394,0.124674973140427,9.92,3.112426705964335
218,-0.9820511442625368,0.12131664250903124,9.92,3.112426705964335
219,-0.9831481009378263,0.11774169530065,9.92,3.112426705964335
220,-0.9839669045614866,0.11547342185063282,9.92,3.112426705964335
221,-0.9851104310483267,0.11176397004953773,9.92,3.112426705964335
222,-0.9858496745064397,0.10777822656196506,9.92,3.112426705964335
223,-0.987062471937652,0.10371701811809923,9.92,3.112426705964335
224,-0.9880645504589763,0.0997236916341221,9.92,3.112426705964335
225,-0.9891314439740804,0.09635727340508017,9.92,3.112426705964335
226,-0.9895578743864492,0.09394610916008746,9.92,3.112426705964335
227,-0.9902400291787803,0.0916218605719794,9.92,3.112426705964335
228,-0.9910890920219328,0.08851765473562706,9.92,3.112426705964335
229,-0.9916277283095606,0.08550213534549057,9.92,3.112426705964335
230,-0.9922050340863078,0.08124375617101631,9.92,3.112426705964335
231,-0.9926816179007252,0.0774715409530158,9.92,3.112426705964335
232,-0.9928638059844128,0.07643550274545799,9.92,3.112426705964335
233,-0.9931662676106533,0.07496813835247594,9.92,3.112426705964335
234,-0.9933662676106533,0.07397915423274122,9.92,3.112426705964335
235,-0.9939393398803844,0.07172176170005568,9.92,3.112426705964335
236,-0.9941425420244392,0.07066207049888527,9.92,3.112426705964335
237,-0.9946106223794959,0.06808879100167844,9.92,3.112426705964335
238,-0.9948678701265662,0.06652165705806624,9.92,3.112426705964335
239,-0.9954559423258103,0.06257260108364616,9.92,3.112426705964335
240,-0.9955559423258102,0.06217900946386935,9.92,3.112426705964335
241,-0.9958463340743811,0.05989556808282916,9.92,3.112426705964335
242,-0.995996334074381,0.0592764934501233,9.92,3.112426705964335
243,-0.996329865583251,0.05769976294051829,9.92,3.112426705964335
244,-0.9964406983900953,0.05619874096927856,9.92,3.112426705964335
245,-0.9965406983900954,0.055758410548132104,9.92,3.112426705964335
246,-0.9966943222636302,0.05318044199756672,9.92,3.112426705964335
247,-0.9967568095275802,0.05281592610523354,9.92,3.112426705964335
248,-0.9970768943920232,0.050449146428181865,9.92,3.112426705964335
249,-0.9971984461139606,0.04948606009477007,9.92,3.112426705964335
250,-0.997373941875282,0.048689766366176127,9.92,3.112426705964335
251,-0.997523941875282,0.047528503723873225,9.92,3.112426705964335
252,-0.9975871675602354,0.04724953525972511,9.92,3.112426705964335
253,-0.9978393075495519,0.04552047453164185,9.92,3.112426705964335
254,-0.9979679330163339,0.04331828600439487,9.92,3.112426705964335
255,-0.9980500627659682,0.04291244266238471,9.92,3.112426705964335
256,-0.9980500627659682,0.04291244266238471,9.92,3.112426705964335
257,-0.9981750627659681,0.0419606910639108,9.92,3.112426705964335
258,-0.998277260024728,0.04133785839384353,9.92,3.112426705964335
259,-0.9983415258024636,0.04087588069280523,9.92,3.112426705964335
260,-0.9983415258024636,0.04087588069280523,9.92,3.112426705964335
261,-0.9984540258024636,0.04008909605936375,9.92,3.112426705964335
262,-0.9985040258024636,0.039777980344364486,9.92,3.112426705964335
263,-0.9985790258024635,0.039067332791045226,9.92,3.112426705964335
264,-0.9986290258024636,0.03874785269955009,9.92,3.112426705964335
265,-0.9987040258024635,0.03697595313113188,9.92,3.112426705964335
266,-0.9987665258024635,0.036446079356775185,9.92,3.112426705964335
267,-0.9988165258024635,0.03321803046389277,9.92,3.112426705964335
268,-0.9989165258024636,0.03246019474278635,9.92,3.112426705964335
269,-0.9989165258024636,0.03246019474278635,9.92,3.112426705964335
270,-0.9989297514874168,0.032433679097087185,9.92,3.112426705964335
271,-0.9989797514874168,0.03204759062120097,9.92,3.112426705964335
272,-0.9989797514874168,0.03204759062120097,9.92,3.112426705964335
273,-0.9990338987754447,0.03078695067829428,9.92,3.112426705964335
274,-0.9990979612754447,0.030115045587226243,9.92,3.112426705964335
275,-0.9990979612754447,0.029273127108676224,9.92,3.112426705964335
276,-0.9991479612754447,0.0288444739004401,9.92,3.112426705964335
277,-0.9991479612754447,0.0288444739004401,9.92,3.112426705964335
278,-0.9991479612754447,0.0288444739004401,9.92,3.112426705964335
279,-0.9991479612754447,0.0288444739004401,9.92,3.112426705964335
280,-0.9991479612754447,0.0288444739004401,9.92,3.112426705964335
281,-0.9991479612754447,0.0288444739004401,9.92,3.112426705964335
282,-0.9991979612754447,0.028409265715002657,9.92,3.112426705964335
283,-0.9991979612754447,0.028409265715002657,9.92,3.112426705964335
284,-0.9991979612754447,0.028409265715002657,9.92,3.112426705964335
285,-0.9992604612754447,0.027714981996317358,9.92,3.112426705964335
286,-0.9993104612754447,0.026328533588649606,9.92,3.112426705964335
287,-0.9993604612754446,0.02585068925195431,9.92,3.112426705964335
288,-0.9993604612754446,0.02585068925195431,9.92,3.112426705964335
289,-0.9993604612754446,0.02585068925195431,9.92,3.112426705964335
290,-0.9993604612754446,0.02585068925195431,9.92,3.112426705964335
291,-0.9993604612754446,0.02585068925195431,9.92,3.112426705964335
292,-0.9993604612754446,0.02585068925195431,9.92,3.112426705964335
293,-0.9993604612754446,0.02585068925195431,9.92,3.112426705964335
294,-0.9993604612754446,0.02585068925195431,9.92,3.112426705964335
295,-0.9993604612754446,0.02585068925195431,9.92,3.112426705964335
296,-0.9993604612754446,0.02585068925195431,9.92,3.112426705964335
297,-0.9993604612754446,0.02585068925195431,9.92,3.112426705964335
298,-0.9993604612754446,0.02585068925195431,9.92,3.112426705964335
299,-0.9994354612754447,0.02474062328660678,9.92,3.112426705964335
300,-0.9994354612754447,0.02474062328660678,9.92,3.112426705964335
301,-0.9994354612754447,0.02474062328660678,9.92,3.112426705964335
302,-0.9994354612754447,0.02474062328660678,9.92,3.112426705964335
303,-0.9994854612754447,0.02423122767179255,9.92,3.112426705964335
304,-0.9994854612754447,0.02423122767179255,9.92,3.112426705964335
305,-0.9994854612754447,0.02423122767179255,9.92,3.112426705964335
306,-0.9994854612754447,0.02423122767179255,9.92,3.112426705964335
307,-0.9994854612754447,0.02423122767179255,9.92,3.112426705964335
308,-0.9994854612754447,0.02423122767179255,9.92,3.112426705964335
309,-0.9995600720778861,0.02305549586530819,9.92,3.112426705964335
310,-0.9996110407376353,0.02248599773409488,9.92,3.112426705964335
311,-0.9996110407376353,0.02248599773409488,9.92,3.112426705964335
312,-0.9996110407376353,0.02248599773409488,9.92,3.112426705964335
313,-0.9996110407376353,0.02248599773409488,9.92,3.112426705964335
314,-0.9996110407376353,0.02248599773409488,9.92,3.112426705964335
315,-0.9996110407376353,0.02248599773409488,9.92,3.112426705964335
316,-0.9996110407376353,0.02248599773409488,9.92,3.112426705964335
317,-0.9996110407376353,0.02248599773409488,9.92,3.112426705964335
318,-0.9996610407376353,0.021923879447396082,9.92,3.112426705964335
319,-0.9996610407376353,0.021923879447396082,9.92,3.112426705964335
320,-0.9996610407376353,0.021923879447396082,9.92,3.112426705964335
321,-0.9996610407376353,0.021923879447396082,9.92,3.112426705964335
322,-0.9996610407376353,0.021923879447396082,9.92,3.112426705964335
323,-0.9996610407376353,0.021923879447396082,9.92,3.112426705964335
324,-0.9996610407376353,0.021923879447396082,9.92,3.112426705964335
325,-0.9996610407376353,0.021923879447396082,9.92,3.112426705964335
326,-0.9996610407376353,0.021923879447396082,9.92,3.112426705964335
327,-0.9996610407376353,0.021923879447396082,9.92,3.112426705964335
328,-0.9996610407376353,0.021923879447396082,9.92,3.112426705964335
329,-0.9996610407376353,0.021923879447396082,9.92,3.112426705964335
330,-0.9996610407376353,0.021923879447396082,9.92,3.112426705964335
331,-0.9996610407376353,0.021923879447396082,9.92,3.112426705964335
332,-0.9996610407376353,0.021923879447396082,9.92,3.112426705964335
333,-0.9996610407376353,0.021923879447396082,9.92,3.112426705964335
334,-0.9996610407376353,0.021923879447396082,9.92,3.112426705964335
335,-0.9996610407376353,0.021923879447396082,9.92,3.112426705964335
336,-0.9996610407376353,0.021923879447396082,9.92,3.112426705964335
337,-0.9996610407376353,0.021923879447396082,9.92,3.112426705964335
338,-0.9996610407376353,0.021923879447396082,9.92,3.112426705964335
339,-0.9996610407376353,0.021923879447396082,9.92,3.112426705964335
340,-0.9996610407376353,0.021923879447396082,9.92,3.112426705964335
341,-0.9996610407376353,0.021923879447396082,9.92,3.112426705964335
342,-0.9996610407376353,0.021923879447396082,9.92,3.112426705964335
343,-0.9996610407376353,0.021923879447396082,9.92,3.112426705964335
344,-0.9996610407376353,0.021923879447396082,9.92,3.112426705964335
345,-0.9996610407376353,0.021923879447396082,9.92,3.112426705964335
346,-0.9996610407376353,0.021923879447396082,9.92,3.112426705964335
347,-0.9996610407376353,0.021923879447396082,9.92,3.112426705964335
348,-0.9996610407376353,0.021923879447396082,9.92,3.112426705964335
349,-0.9996610407376353,0.021923879447396082,9.92,3.112426705964335
350,-0.9996610407376353,0.021923879447396082,9.92,3.112426705964335
351,-0.9996610407376353,0.021923879447396082,9.92,3.112426705964335
352,-0.9996610407376353,0.021923879447396082,9.92,3.112426705964335
353,-0.9996610407376353,0.021923879447396082,9.92,3.112426705964335
354,-0.9996610407376353,0.021923879447396082,9.92,3.112426705964335
355,-0.9996610407376353,0.021923879447396082,9.92,3.112426705964335
356,-0.9996610407376353,0.021923879447396082,9.92,3.112426705964335
357,-0.9996610407376353,0.021923879447396082,9.92,3.112426705964335
358,-0.9996610407376353,0.021923879447396082,9.92,3.112426705964335
359,-0.9996610407376353,0.021923879447396082,9.92,3.112426705964335
360,-0.9996610407376353,0.021923879447396082,9.92,3.112426705964335
361,-0.9996610407376353,0.021923879447396082,9.92,3.112426705964335
362,-0.9996610407376353,0.021923879447396082,9.92,3.112426705964335
363,-0.9996610407376353,0.021923879447396082,9.92,3.112426705964335
364,-0.9996610407376353,0.021923879447396082,9.92,3.112426705964335
365,-0.9996610407376353,0.021923879447396082,9.92,3.112426705964335
366,-0.9996610407376353,0.021923879447396082,9.92,3.112426705964335
367,-0.9996610407376353,0.021923879447396082,9.92,3.112426705964335
368,-0.9996610407376353,0.021923879447396082,9.92,3.112426705964335
369,-0.9996610407376353,0.021923879447396082,9.92,3.112426705964335
370,-0.9996610407376353,0.021923879447396082,9.92,3.112426705964335
371,-0.9996610407376353,0.021923879447396082,9.92,3.112426705964335
372,-0.9996610407376353,0.021923879447396082,9.92,3.112426705964335
373,-0.9996610407376353,0.021923879447396082,9.92,3.112426705964335
374,-0.9996610407376353,0.021923879447396082,9.92,3.112426705964335
375,-0.9996610407376353,0.021923879447396082,9.92,3.112426705964335
376,-0.9996610407376353,0.021923879447396082,9.92,3.112426705964335
377,-0.9996610407376353,0.021923879447396082,9.92,3.112426705964335
378,-0.9996610407376353,0.021923879447396082,9.92,3.112426705964335
379,-0.9996610407376353,0.021923879447396082,9.92,3.112426705964335
380,-0.9996610407376353,0.021923879447396082,9.92,3.112426705964335
381,-0.9996610407376353,0.021923879447396082,9.92,3.112426705964335
382,-0.9996610407376353,0.021923879447396082,9.92,3.112426705964335
383,-0.9996610407376353,0.021923879447396082,9.92,3.112426705964335
384,-0.9996610407376353,0.021923879447396082,9.92,3.112426705964335
385,-0.9996610407376353,0.021923879447396082,9.92,3.112426705964335
386,-0.9996610407376353,0.021923879447396082,9.92,3.112426705964335
387,-0.9996610407376353,0.021923879447396082,9.92,3.112426705964335
388,-0.9996610407376353,0.021923879447396082,9.92,3.112426705964335
389,-0.9996610407376353,0.021923879447396082,9.92,3.112426705964335
390,-0.9996610407376353,0.021923879447396082,9.92,3.112426705964335
391,-0.9996610407376353,0.021923879447396082,9.92,3.112426705964335
392,-0.9996610407376353,0.021923879447396082,9.92,3.112426705964335
393,-0.9996610407376353,0.021923879447396082,9.92,3.112426705964335
394,-0.9996610407376353,0.021923879447396082,9.92,3.112426705964335
395,-0.9996610407376353,0.021923879447396082,9.92,3.112426705964335
396,-0.9996610407376353,0.021923879447396082,9.92,3.112426705964335
397,-0.9996610407376353,0.021923879447396082,9.92,3.112426705964335
398,-0.9996610407376353,0.021923879447396082,9.92,3.112426705964335
399,-0.9996610407376353,0.021923879447396082,9.92,3.112426705964335
400,-0.9996610407376353,0.021923879447396082,9.92,3.112426705964335
401,-0.9996610407376353,0.021923879447396082,9.92,3.112426705964335
402,-0.9996610407376353,0.021923879447396082,9.92,3.112426705964335
403,-0.9996610407376353,0.021923879447396082,9.92,3.112426705964335
404,-0.9996610407376353,0.021923879447396082,9.92,3.112426705964335
405,-0.9996610407376353,0.021923879447396082,9.92,3.112426705964335
406,-0.9996610407376353,0.021923879447396082,9.92,3.112426705964335
407,-0.9996610407376353,0.021923879447396082,9.92,3.112426705964335
408,-0.9996610407376353,0.021923879447396082,9.92,3.112426705964335
409,-0.9996610407376353,0.021923879447396082,9.92,3.112426705964335
410,-0.9996610407376353,0.021923879447396082,9.92,3.112426705964335
411,-0.9996610407376353,0.021923879447396082,9.92,3.112426705964335
412,-0.9996610407376353,0.021923879447396082,9.92,3.112426705964335
413,-0.9996610407376353,0.021923879447396082,9.92,3.112426705964335
414,-0.9996610407376353,0.021923879447396082,9.92,3.112426705964335
415,-0.9996610407376353,0.021923879447396082,9.92,3.112426705964335
416,-0.9996610407376353,0.021923879447396082,9.92,3.112426705964335
417,-0.9996610407376353,0.021923879447396082,9.92,3.112426705964335
418,-0.9996610407376353,0.021923879447396082,9.92,3.112426705964335
419,-0.9996610407376353,0.021923879447396082,9.92,3.112426705964335
420,-0.9996610407376353,0.021923879447396082,9.92,3.112426705964335
421,-0.9996610407376353,0.021923879447396082,9.92,3.112426705964335
422,-0.9996610407376353,0.021923879447396082,9.92,3.112426705964335
423,-0.9996610407376353,0.021923879447396082,9.92,3.112426705964335
424,-0.9996610407376353,0.021923879447396082,9.92,3.112426705964335
425,-0.9996610407376353,0.021923879447396082,9.92,3.112426705964335
426,-0.9996610407376353,0.021923879447396082,9.92,3.112426705964335
427,-0.9996610407376353,0.021923879447396082,9.92,3.112426705964335
428,-0.9996610407376353,0.021923879447396082,9.92,3.112426705964335
429,-0.9996610407376353,0.021923879447396082,9.92,3.112426705964335
430,-0.9996610407376353,0.021923879447396082,9.92,3.112426705964335
431,-0.9996610407376353,0.021923879447396082,9.92,3.112426705964335
432,-0.9996610407376353,0.021923879447396082,9.92,3.112426705964335
433,-0.9996610407376353,0.021923879447396082,9.92,3.112426705964335
434,-0.9996610407376353,0.021923879447396082,9.92,3.112426705964335
435,-0.9996610407376353,0.021923879447396082,9.92,3.112426705964335
436,-0.9996610407376353,0.021923879447396082,9.92,3.112426705964335
437,-0.9996610407376353,0.021923879447396082,9.92,3.112426705964335
438,-0.9996610407376353,0.021923879447396082,9.92,3.112426705964335
439,-0.9996610407376353,0.021923879447396082,9.92,3.112426705964335
440,-0.9996610407376353,0.021923879447396082,9.92,3.112426705964335
441,-0.9996610407376353,0.021923879447396082,9.92,3.112426705964335
442,-0.9996610407376353,0.021923879447396082,9.92,3.112426705964335
443,-0.9996610407376353,0.021923879447396082,9.92,3.112426705964335
444,-0.9996610407376353,0.021923879447396082,9.92,3.112426705964335
445,-0.9996610407376353,0.021923879447396082,9.92,3.112426705964335
446,-0.9996610407376353,0.021923879447396082,9.92,3.112426705964335
447,-0.9996610407376353,0.021923879447396082,9.92,3.112426705964335
448,-0.9996610407376353,0.021923879447396082,9.92,3.112426705964335
449,-0.9996610407376353,0.021923879447396082,9.92,3.112426705964335
450,-0.9996610407376353,0.021923879447396082,9.92,3.112426705964335
451,-0.9996610407376353,0.021923879447396082,9.92,3.112426705964335
452,-0.9996610407376353,0.021923879447396082,9.92,3.112426705964335
453,-0.9996610407376353,0.021923879447396082,9.92,3.112426705964335
454,-0.9996610407376353,0.021923879447396082,9.92,3.112426705964335
455,-0.9996610407376353,0.021923879447396082,9.92,3.112426705964335
456,-0.9996610407376353,0.021923879447396082,9.92,3.112426705964335
457,-0.9996610407376353,0.021923879447396082,9.92,3.112426705964335
458,-0.9996610407376353,0.021923879447396082,9.92,3.112426705964335
459,-0.9996610407376353,0.021923879447396082,9.92,3.112426705964335
460,-0.9996610407376353,0.021923879447396082,9.92,3.112426705964335
461,-0.9996610407376353,0.021923879447396082,9.92,3.112426705964335
462,-0.9996610407376353,0.021923879447396082,9.92,3.112426705964335
463,-0.9996610407376353,0.021923879447396082,9.92,3.112426705964335
464,-0.9996610407376353,0.021923879447396082,9.92,3.112426705964335
465,-0.9996610407376353,0.021923879447396082,9.92,3.112426705964335
466,-0.9996610407376353,0.021923879447396082,9.92,3.112426705964335
467,-0.9996610407376353,0.021923879447396082,9.92,3.112426705964335
468,-0.9996610407376353,0.021923879447396082,9.92,3.112426705964335
469,-0.9996610407376353,0.021923879447396082,9.92,3.112426705964335
470,-0.9996610407376353,0.021923879447396082,9.92,3.112426705964335
471,-0.9996610407376353,0.021923879447396082,9.92,3.112426705964335
472,-0.9996610407376353,0.021923879447396082,9.92,3.112426705964335
473,-0.9996610407376353,0.021923879447396082,9.92,3.112426705964335
474,-0.9996610407376353,0.021923879447396082,9.92,3.112426705964335
475,-0.9996610407376353,0.021923879447396082,9.92,3.112426705964335
476,-0.9996610407376353,0.021923879447396082,9.92,3.112426705964335
477,-0.9996610407376353,0.021923879447396082,9.92,3.112426705964335
478,-0.9996610407376353,0.021923879447396082,9.92,3.112426705964335
479,-0.9996610407376353,0.021923879447396082,9.92,3.112426705964335
480,-0.9996610407376353,0.021923879447396082,9.92,3.112426705964335
481,-0.9996610407376353,0.021923879447396082,9.92,3.112426705964335
482,-0.9996610407376353,0.021923879447396082,9.92,3.112426705964335
483,-0.9996610407376353,0.021923879447396082,9.92,3.112426705964335
484,-0.9996610407376353,0.021923879447396082,9.92,3.112426705964335
485,-0.9996610407376353,0.021923879447396082,9.92,3.112426705964335
486,-0.9996610407376353,0.021923879447396082,9.92,3.112426705964335
487,-0.9996610407376353,0.021923879447396082,9.92,3.112426705964335
488,-0.9996610407376353,0.021923879447396082,9.92,3.112426705964335
489,-0.9996610407376353,0.021923879447396082,9.92,3.112426705964335
490,-0.9996610407376353,0.021923879447396082,9.92,3.112426705964335
491,-0.9996610407376353,0.021923879447396082,9.92,3.112426705964335
492,-0.9996610407376353,0.021923879447396082,9.92,3.112426705964335
493,-0.9996610407376353,0.021923879447396082,9.92,3.112426705964335
494,-0.9996610407376353,0.021923879447396082,9.92,3.112426705964335
495,-0.9996610407376353,0.021923879447396082,9.92,3.112426705964335
496,-0.9996610407376353,0.021923879447396082,9.92,3.112426705964335
497,-0.9996610407376353,0.021923879447396082,9.92,3.112426705964335
498,-0.9996610407376353,0.021923879447396082,9.92,3.112426705964335
499,-0.9996610407376353,0.021923879447396082,9.92,3.112426705964335
500,-0.9996610407376353,0.021923879447396082,9.92,3.112426705964335
501,-0.9996610407376353,0.021923879447396082,9.92,3.112426705964335
502,-0.9996610407376353,0.021923879447396082,9.92,3.112426705964335
503,-0.9996610407376353,0.021923879447396082,9.92,3.112426705964335
504,-0.9996610407376353,0.021923879447396082,9.92,3.112426705964335
505,-0.9996610407376353,0.021923879447396082,9.92,3.112426705964335
506,-0.9996610407376353,0.021923879447396082,9.92,3.112426705964335
507,-0.9996610407376353,0.021923879447396082,9.92,3.112426705964335
508,-0.9996610407376353,0.021923879447396082,9.92,3.112426705964335
509,-0.9996610407376353,0.021923879447396082,9.92,3.112426705964335
510,-0.9996610407376353,0.021923879447396082,9.92,3.112426705964335
511,-0.9996610407376353,0.021923879447396082,9.92,3.112426705964335
512,-0.9996610407376353,0.021923879447396082,9.92,3.112426705964335
513,-0.9996610407376353,0.021923879447396082,9.92,3.112426705964335
514,-0.9996610407376353,0.021923879447396082,9.92,3.112426705964335
515,-0.9996610407376353,0.021923879447396082,9.92,3.112426705964335
516,-0.9996610407376353,0.021923879447396082,9.92,3.112426705964335
517,-0.9996610407376353,0.021923879447396082,9.92,3.112426705964335
518,-0.9996610407376353,0.021923879447396082,9.92,3.112426705964335
519,-0.9996610407376353,0.021923879447396082,9.92,3.112426705964335
520,-0.9996610407376353,0.021923879447396082,9.92,3.112426705964335
521,-0.9996610407376353,0.021923879447396082,9.92,3.112426705964335
522,-0.9996610407376353,0.021923879447396082,9.92,3.112426705964335
523,-0.9996610407376353,0.021923879447396082,9.92,3.112426705964335
524,-0.9996610407376353,0.021923879447396082,9.92,3.112426705964335
525,-0.9996610407376353,0.021923879447396082,9.92,3.112426705964335
526,-0.9996610407376353,0.021923879447396082,9.92,3.112426705964335
527,-0.9996610407376353,0.021923879447396082,9.92,3.112426705964335
528,-0.9996610407376353,0.021923879447396082,9.92,3.112426705964335
529,-0.9996610407376353,0.021923879447396082,9.92,3.112426705964335
530,-0.9996610407376353,0.021923879447396082,9.92,3.112426705964335
531,-0.9996610407376353,0.021923879447396082,9.92,3.112426705964335
532,-0.9996610407376353,0.021923879447396082,9.92,3.112426705964335
533,-0.9996610407376353,0.021923879447396082,9.92,3.112426705964335
534,-0.9996610407376353,0.021923879447396082,9.92,3.112426705964335
535,-0.9996610407376353,0.021923879447396082,9.92,3.112426705964335
536,-0.9996610407376353,0.021923879447396082,9.92,3.112426705964335
537,-0.9996610407376353,0.021923879447396082,9.92,3.112426705964335
538,-0.9996610407376353,0.021923879447396082,9.92,3.112426705964335
539,-0.9996610407376353,0.021923879447396082,9.92,3.112426705964335
540,-0.9996610407376353,0.021923879447396082,9.92,3.112426705964335
541,-0.9996610407376353,0.021923879447396082,9.92,3.112426705964335
542,-0.9996610407376353,0.021923879447396082,9.92,3.112426705964335
543,-0.9996610407376353,0.021923879447396082,9.92,3.112426705964335
544,-0.9996610407376353,0.021923879447396082,9.92,3.112426705964335
545,-0.9996610407376353,0.021923879447396082,9.92,3.112426705964335
546,-0.9996610407376353,0.021923879447396082,9.92,3.112426705964335
547,-0.9996610407376353,0.021923879447396082,9.92,3.112426705964335
548,-0.9996610407376353,0.021923879447396082,9.92,3.112426705964335
549,-0.9996610407376353,0.021923879447396082,9.92,3.112426705964335
550,-0.9996610407376353,0.021923879447396082,9.92,3.112426705964335
551,-0.9996610407376353,0.021923879447396082,9.92,3.112426705964335
552,-0.9996610407376353,0.021923879447396082,9.92,3.112426705964335
553,-0.9996610407376353,0.021923879447396082,9.92,3.112426705964335
554,-0.9996610407376353,0.021923879447396082,9.92,3.112426705964335
555,-0.9996610407376353,0.021923879447396082,9.92,3.112426705964335
556,-0.9996610407376353,0.021923879447396082,9.92,3.112426705964335
557,-0.9996610407376353,0.021923879447396082,9.92,3.112426705964335
558,-0.9996610407376353,0.021923879447396082,9.92,3.112426705964335
559,-0.9996610407376353,0.021923879447396082,9.92,3.112426705964335
560,-0.9996610407376353,0.021923879447396082,9.92,3.112426705964335
561,-0.9996610407376353,0.021923879447396082,9.92,3.112426705964335
562,-0.9996610407376353,0.021923879447396082,9.92,3.112426705964335
563,-0.9996610407376353,0.021923879447396082,9.92,3.112426705964335
564,-0.9996610407376353,0.021923879447396082,9.92,3.112426705964335
565,-0.9996610407376353,0.021923879447396082,9.92,3.112426705964335
566,-0.9996610407376353,0.021923879447396082,9.92,3.112426705964335
567,-0.9996610407376353,0.021923879447396082,9.92,3.112426705964335
568,-0.9996610407376353,0.021923879447396082,9.92,3.112426705964335
569,-0.9996610407376353,0.021923879447396082,9.92,3.112426705964335
570,-0.9996610407376353,0.021923879447396082,9.92,3.112426705964335
571,-0.9996610407376353,0.021923879447396082,9.92,3.112426705964335
572,-0.9996610407376353,0.021923879447396082,9.92,3.112426705964335
573,-0.9996610407376353,0.021923879447396082,9.92,3.112426705964335
574,-0.9996610407376353,0.021923879447396082,9.92,3.112426705964335
575,-0.9996610407376353,0.021923879447396082,9.92,3.112426705964335
576,-0.9996610407376353,0.021923879447396082,9.92,3.112426705964335
577,-0.9996610407376353,0.021923879447396082,9.92,3.112426705964335
578,-0.9996610407376353,0.021923879447396082,9.92,3.112426705964335
579,-0.9996610407376353,0.021923879447396082,9.92,3.112426705964335
580,-0.9996610407376353,0.021923879447396082,9.92,3.112426705964335
581,-0.9996610407376353,0.021923879447396082,9.92,3.112426705964335
582,-0.9996610407376353,0.021923879447396082,9.92,3.112426705964335
583,-0.9996610407376353,0.021923879447396082,9.92,3.112426705964335
584,-0.9996610407376353,0.021923879447396082,9.92,3.112426705964335
585,-0.9996610407376353,0.021923879447396082,9.92,3.112426705964335
586,-0.9996610407376353,0.021923879447396082,9.92,3.112426705964335
587,-0.9996610407376353,0.021923879447396082,9.92,3.112426705964335
588,-0.9996610407376353,0.021923879447396082,9.92,3.112426705964335
589,-0.9996610407376353,0.021923879447396082,9.92,3.112426705964335
590,-0.9996610407376353,0.021923879447396082,9.92,3.112426705964335
591,-0.9996610407376353,0.021923879447396082,9.92,3.112426705964335
592,-0.9996610407376353,0.021923879447396082,9.92,3.112426705964335
593,-0.9996610407376353,0.021923879447396082,9.92,3.112426705964335
594,-0.9996610407376353,0.021923879447396082,9.92,3.112426705964335
595,-0.9996610407376353,0.021923879447396082,9.92,3.112426705964335
596,-0.9996610407376353,0.021923879447396082,9.92,3.112426705964335
597,-0.9996610407376353,0.021923879447396082,9.92,3.112426705964335
598,-0.9996610407376353,0.021923879447396082,9.92,3.112426705964335
599,-0.9996610407376353,0.021923879447396082,9.92,3.112426705964335
600,-0.9996610407376353,0.021923879447396082,9.92,3.112426705964335
601,-0.9996610407376353,0.021923879447396082,9.92,3.112426705964335
602,-0.9996610407376353,0.021923879447396082,9.92,3.112426705964335
603,-0.9996610407376353,0.021923879447396082,9.92,3.112426705964335
604,-0.9996610407376353,0.021923879447396082,9.92,3.112426705964335
605,-0.9996610407376353,0.021923879447396082,9.92,3.112426705964335
606,-0.9996610407376353,0.021923879447396082,9.92,3.112426705964335
607,-0.9996610407376353,0.021923879447396082,9.92,3.112426705964335
608,-0.9996610407376353,0.021923879447396082,9.92,3.112426705964335
609,-0.9996610407376353,0.021923879447396082,9.92,3.112426705964335
610,-0.9996610407376353,0.021923879447396082,9.92,3.112426705964335
611,-0.9996610407376353,0.021923879447396082,9.92,3.112426705964335
612,-0.9996610407376353,0.021923879447396082,9.92,3.112426705964335
613,-0.9996610407376353,0.021923879447396082,9.92,3.112426705964335
614,-0.9996610407376353,0.021923879447396082,9.92,3.112426705964335
615,-0.9996610407376353,0.021923879447396082,9.92,3.112426705964335
616,-0.9996610407376353,0.021923879447396082,9.92,3.112426705964335
617,-0.9996610407376353,0.021923879447396082,9.92,3.112426705964335
618,-0.9996610407376353,0.021923879447396082,9.92,3.112426705964335
619,-0.9996610407376353,0.021923879447396082,9.92,3.112426705964335
620,-0.9996610407376353,0.021923879447396082,9.92,3.112426705964335
621,-0.9996610407376353,0.021923879447396082,9.92,3.112426705964335
622,-0.9996610407376353,0.021923879447396082,9.92,3.112426705964335
623,-0.9996610407376353,0.021923879447396082,9.92,3.112426705964335
624,-0.9996610407376353,0.021923879447396082,9.92,3.112426705964335
625,-0.9996610407376353,0.021923879447396082,9.92,3.112426705964335
626,-0.9996610407376353,0.021923879447396082,9.92,3.112426705964335
627,-0.9996610407376353,0.021923879447396082,9.92,3.112426705964335
628,-0.9996610407376353,0.021923879447396082,9.92,3.112426705964335
629,-0.9996610407376353,0.021923879447396082,9.92,3.112426705964335
630,-0.9996610407376353,0.021923879447396082,9.92,3.112426705964335
631,-0.9996610407376353,0.021923879447396082,9.92,3.112426705964335
632,-0.9996610407376353,0.021923879447396082,9.92,3.112426705964335
633,-0.9996610407376353,0.021923879447396082,9.92,3.112426705964335
634,-0.9996610407376353,0.021923879447396082,9.92,3.112426705964335
635,-0.9996610407376353,0.021923879447396082,9.92,3.112426705964335
636,-0.9996610407376353,0.021923879447396082,9.92,3.112426705964335
637,-0.9996610407376353,0.021923879447396082,9.92,3.112426705964335
638,-0.9996610407376353,0.021923879447396082,9.92,3.112426705964335
639,-0.9996610407376353,0.021923879447396082,9.92,3.112426705964335
640,-0.9996610407376353,0.021923879447396082,9.92,3.112426705964335
641,-0.9996610407376353,0.021923879447396082,9.92,3.112426705964335
642,-0.9996610407376353,0.021923879447396082,9.92,3.112426705964335
643,-0.9996610407376353,0.021923879447396082,9.92,3.112426705964335
644,-0.9996610407376353,0.021923879447396082,9.92,3.112426705964335
645,-0.9996610407376353,0.021923879447396082,9.92,3.112426705964335
646,-0.9996610407376353,0.021923879447396082,9.92,3.112426705964335
647,-0.9996610407376353,0.021923879447396082,9.92,3.112426705964335
648,-0.9996610407376353,0.021923879447396082,9.92,3.112426705964335
649,-0.9996610407376353,0.021923879447396082,9.92,3.112426705964335
650,-0.9996610407376353,0.021923879447396082,9.92,3.112426705964335
651,-0.9996610407376353,0.021923879447396082,9.92,3.112426705964335
652,-0.9996610407376353,0.021923879447396082,9.92,3.112426705964335
653,-0.9996610407376353,0.021923879447396082,9.92,3.112426705964335
654,-0.9996610407376353,0.021923879447396082,9.92,3.112426705964335
655,-0.9996610407376353,0.021923879447396082,9.92,3.112426705964335
656,-0.9996610407376353,0.021923879447396082,9.92,3.112426705964335
657,-0.9996610407376353,0.021923879447396082,9.92,3.112426705964335
658,-0.9996610407376353,0.021923879447396082,9.92,3.112426705964335
659,-0.9996610407376353,0.021923879447396082,9.92,3.112426705964335
660,-0.9996610407376353,0.021923879447396082,9.92,3.112426705964335
661,-0.9996610407376353,0.021923879447396082,9.92,3.112426705964335
662,-0.9996610407376353,0.021923879447396082,9.92,3.112426705964335
663,-0.9996610407376353,0.021923879447396082,9.92,3.112426705964335
664,-0.9996610407376353,0.021923879447396082,9.92,3.112426705964335
665,-0.9996610407376353,0.021923879447396082,9.92,3.112426705964335
666,-0.9996610407376353,0.021923879447396082,9.92,3.112426705964335
667,-0.9996610407376353,0.021923879447396082,9.92,3.112426705964335
668,-0.9996610407376353,0.021923879447396082,9.92,3.112426705964335
669,-0.9996610407376353,0.021923879447396082,9.92,3.112426705964335
670,-0.9996610407376353,0.021923879447396082,9.92,3.112426705964335
671,-0.9996610407376353,0.021923879447396082,9.92,3.112426705964335
672,-0.9996610407376353,0.021923879447396082,9.92,3.112426705964335
673,-0.9996610407376353,0.021923879447396082,9.92,3.112426705964335
674,-0.9996610407376353,0.021923879447396082,9.92,3.112426705964335
675,-0.9996610407376353,0.021923879447396082,9.92,3.112426705964335
676,-0.9996610407376353,0.021923879447396082,9.92,3.112426705964335
677,-0.9996610407376353,0.021923879447396082,9.92,3.112426705964335
678,-0.9996610407376353,0.021923879447396082,9.92,3.112426705964335
679,-0.9996610407376353,0.021923879447396082,9.92,3.112426705964335
680,-0.9996610407376353,0.021923879447396082,9.92,3.112426705964335
681,-0.9996610407376353,0.021923879447396082,9.92,3.112426705964335
682,-0.9996610407376353,0.021923879447396082,9.92,3.112426705964335
683,-0.9996610407376353,0.021923879447396082,9.92,3.112426705964335
684,-0.9996610407376353,0.021923879447396082,9.92,3.112426705964335
685,-0.9996610407376353,0.021923879447396082,9.92,3.112426705964335
686,-0.9996610407376353,0.021923879447396082,9.92,3.112426705964335
687,-0.9996610407376353,0.021923879447396082,9.92,3.112426705964335
688,-0.9996610407376353,0.021923879447396082,9.92,3.112426705964335
689,-0.9996610407376353,0.021923879447396082,9.92,3.112426705964335
690,-0.9996610407376353,0.021923879447396082,9.92,3.112426705964335
691,-0.9996610407376353,0.021923879447396082,9.92,3.112426705964335
692,-0.9996610407376353,0.021923879447396082,9.92,3.112426705964335
693,-0.9996610407376353,0.021923879447396082,9.92,3.112426705964335
694,-0.9996610407376353,0.021923879447396082,9.92,3.112426705964335
695,-0.9996610407376353,0.021923879447396082,9.92,3.112426705964335
696,-0.9996610407376353,0.021923879447396082,9.92,3.112426705964335
697,-0.9996610407376353,0.021923879447396082,9.92,3.112426705964335
698,-0.9996610407376353,0.021923879447396082,9.92,3.112426705964335
699,-0.9996610407376353,0.021923879447396082,9.92,3.112426705964335
700,-0.9996610407376353,0.021923879447396082,9.92,3.112426705964335
701,-0.9996610407376353,0.021923879447396082,9.92,3.112426705964335
702,-0.9996610407376353,0.021923879447396082,9.92,3.112426705964335
703,-0.9996610407376353,0.021923879447396082,9.92,3.112426705964335
704,-0.9996610407376353,0.021923879447396082,9.92,3.112426705964335
705,-0.9996610407376353,0.021923879447396082,9.92,3.112426705964335
706,-0.9996610407376353,0.021923879447396082,9.92,3.112426705964335
707,-0.9996610407376353,0.021923879447396082,9.92,3.112426705964335
708,-0.9996610407376353,0.021923879447396082,9.92,3.112426705964335
709,-0.9996610407376353,0.021923879447396082,9.92,3.112426705964335
710,-0.9996610407376353,0.021923879447396082,9.92,3.112426705964335
711,-0.9996610407376353,0.021923879447396082,9.92,3.112426705964335
712,-0.9996610407376353,0.021923879447396082,9.92,3.112426705964335
713,-0.9996610407376353,0.021923879447396082,9.92,3.112426705964335
714,-0.9996610407376353,0.021923879447396082,9.92,3.112426705964335
715,-0.9996610407376353,0.021923879447396082,9.92,3.112426705964335
716,-0.9996610407376353,0.021923879447396082,9.92,3.112426705964335
717,-0.9996610407376353,0.021923879447396082,9.92,3.112426705964335
718,-0.9996610407376353,0.021923879447396082,9.92,3.112426705964335
719,-0.9996610407376353,0.021923879447396082,9.92,3.112426705964335
720,-0.9996610407376353,0.021923879447396082,9.92,3.112426705964335
721,-0.9996610407376353,0.021923879447396082,9.92,3.112426705964335
722,-0.9996610407376353,0.021923879447396082,9.92,3.112426705964335
723,-0.9996610407376353,0.021923879447396082,9.92,3.112426705964335
724,-0.9996610407376353,0.021923879447396082,9.92,3.112426705964335
725,-0.9996610407376353,0.021923879447396082,9.92,3.112426705964335
726,-0.9996610407376353,0.021923879447396082,9.92,3.112426705964335
727,-0.9996610407376353,0.021923879447396082,9.92,3.112426705964335
728,-0.9996610407376353,0.021923879447396082,9.92,3.112426705964335
729,-0.9996610407376353,0.021923879447396082,9.92,3.112426705964335
730,-0.9996610407376353,0.021923879447396082,9.92,3.112426705964335
731,-0.9996610407376353,0.021923879447396082,9.92,3.112426705964335
732,-0.9996610407376353,0.021923879447396082,9.92,3.112426705964335
733,-0.9996610407376353,0.021923879447396082,9.92,3.112426705964335
734,-0.9996610407376353,0.021923879447396082,9.92,3.112426705964335
735,-0.9996610407376353,0.021923879447396082,9.92,3.112426705964335
736,-0.9996610407376353,0.021923879447396082,9.92,3.112426705964335
737,-0.9996610407376353,0.021923879447396082,9.92,3.112426705964335
738,-0.9996610407376353,0.021923879447396082,9.92,3.112426705964335
739,-0.9996610407376353,0.021923879447396082,9.92,3.112426705964335
740,-0.9996610407376353,0.021923879447396082,9.92,3.112426705964335
741,-0.9996610407376353,0.021923879447396082,9.92,3.112426705964335
742,-0.9996610407376353,0.021923879447396082,9.92,3.112426705964335
743,-0.9996610407376353,0.021923879447396082,9.92,3.112426705964335
744,-0.9996610407376353,0.021923879447396082,9.92,3.112426705964335
745,-0.9996610407376353,0.021923879447396082,9.92,3.112426705964335
746,-0.9996610407376353,0.021923879447396082,9.92,3.112426705964335
747,-0.9996610407376353,0.021923879447396082,9.92,3.112426705964335
748,-0.9996610407376353,0.021923879447396082,9.92,3.112426705964335
749,-0.9996610407376353,0.021923879447396082,9.92,3.112426705964335
750,-0.9996610407376353,0.021923879447396082,9.92,3.112426705964335
751,-0.9996610407376353,0.021923879447396082,9.92,3.112426705964335
752,-0.9996610407376353,0.021923879447396082,9.92,3.112426705964335
753,-0.9996610407376353,0.021923879447396082,9.92,3.112426705964335
754,-0.9996610407376353,0.021923879447396082,9.92,3.112426705964335
755,-0.9996610407376353,0.021923879447396082,9.92,3.112426705964335
756,-0.9996610407376353,0.021923879447396082,9.92,3.112426705964335
757,-0.9996610407376353,0.021923879447396082,9.92,3.112426705964335
758,-0.9996610407376353,0.021923879447396082,9.92,3.112426705964335
759,-0.9996610407376353,0.021923879447396082,9.92,3.112426705964335
760,-0.9996610407376353,0.021923879447396082,9.92,3.112426705964335
761,-0.9996610407376353,0.021923879447396082,9.92,3.112426705964335
762,-0.9996610407376353,0.021923879447396082,9.92,3.112426705964335
763,-0.9996610407376353,0.021923879447396082,9.92,3.112426705964335
764,-0.9996610407376353,0.021923879447396082,9.92,3.112426705964335
765,-0.9996610407376353,0.021923879447396082,9.92,3.112426705964335
766,-0.9996610407376353,0.021923879447396082,9.92,3.112426705964335
767,-0.9996610407376353,0.021923879447396082,9.92,3.112426705964335
768,-0.9996610407376353,0.021923879447396082,9.92,3.112426705964335
769,-0.9996610407376353,0.021923879447396082,9.92,3.112426705964335
770,-0.9996610407376353,0.021923879447396082,9.92,3.112426705964335
771,-0.9996610407376353,0.021923879447396082,9.92,3.112426705964335
772,-0.9996610407376353,0.021923879447396082,9.92,3.112426705964335
773,-0.9996610407376353,0.021923879447396082,9.92,3.112426705964335
774,-0.9996610407376353,0.021923879447396082,9.92,3.112426705964335
775,-0.9996610407376353,0.021923879447396082,9.92,3.112426705964335
776,-0.9996610407376353,0.021923879447396082,9.92,3.112426705964335
777,-0.9996610407376353,0.021923879447396082,9.92,3.112426705964335
778,-0.9996610407376353,0.021923879447396082,9.92,3.112426705964335
779,-0.9996610407376353,0.021923879447396082,9.92,3.112426705964335
780,-0.9996610407376353,0.021923879447396082,9.92,3.112426705964335
781,-0.9996610407376353,0.021923879447396082,9.92,3.112426705964335
782,-0.9996610407376353,0.021923879447396082,9.92,3.112426705964335
783,-0.9996610407376353,0.021923879447396082,9.92,3.112426705964335
784,-0.9996610407376353,0.021923879447396082,9.92,3.112426705964335
785,-0.9996610407376353,0.021923879447396082,9.92,3.112426705964335
786,-0.9996610407376353,0.021923879447396082,9.92,3.112426705964335
787,-0.9996610407376353,0.021923879447396082,9.92,3.112426705964335
788,-0.9996610407376353,0.021923879447396082,9.92,3.112426705964335
789,-0.9996610407376353,0.021923879447396082,9.92,3.112426705964335
790,-0.9996610407376353,0.021923879447396082,9.92,3.112426705964335
791,-0.9996610407376353,0.021923879447396082,9.92,3.112426705964335
792,-0.9996610407376353,0.021923879447396082,9.92,3.112426705964335
793,-0.9996610407376353,0.021923879447396082,9.92,3.112426705964335
794,-0.9996610407376353,0.021923879447396082,9.92,3.112426705964335
795,-0.9996610407376353,0.021923879447396082,9.92,3.112426705964335
796,-0.9996610407376353,0.021923879447396082,9.92,3.112426705964335
797,-0.9996610407376353,0.021923879447396082,9.92,3.112426705964335
798,-0.9996610407376353,0.021923879447396082,9.92,3.112426705964335
799,-0.9996610407376353,0.021923879447396082,9.92,3.112426705964335
800,-0.9996610407376353,0.021923879447396082,9.92,3.112426705964335
801,-0.9996610407376353,0.021923879447396082,9.92,3.112426705964335
802,-0.9996610407376353,0.021923879447396082,9.92,3.112426705964335
803,-0.9996610407376353,0.021923879447396082,9.92,3.112426705964335
804,-0.9996610407376353,0.021923879447396082,9.92,3.112426705964335
805,-0.9996610407376353,0.021923879447396082,9.92,3.112426705964335
806,-0.9996610407376353,0.021923879447396082,9.92,3.112426705964335
807,-0.9996610407376353,0.021923879447396082,9.92,3.112426705964335
808,-0.9996610407376353,0.021923879447396082,9.92,3.112426705964335
809,-0.9996610407376353,0.021923879447396082,9.92,3.112426705964335
810,-0.9996610407376353,0.021923879447396082,9.92,3.112426705964335
811,-0.9996610407376353,0.021923879447396082,9.92,3.112426705964335
812,-0.9996610407376353,0.021923879447396082,9.92,3.112426705964335
813,-0.9996610407376353,0.021923879447396082,9.92,3.112426705964335
814,-0.9996610407376353,0.021923879447396082,9.92,3.112426705964335
815,-0.9996610407376353,0.021923879447396082,9.92,3.112426705964335
816,-0.9996610407376353,0.021923879447396082,9.92,3.112426705964335
817,-0.9996610407376353,0.021923879447396082,9.92,3.112426705964335
818,-0.9996610407376353,0.021923879447396082,9.92,3.112426705964335
819,-0.9996610407376353,0.021923879447396082,9.92,3.112426705964335
820,-0.9996610407376353,0.021923879447396082,9.92,3.112426705964335
821,-0.9996610407376353,0.021923879447396082,9.92,3.112426705964335
822,-0.9996610407376353,0.021923879447396082,9.92,3.112426705964335
823,-0.9996610407376353,0.021923879447396082,9.92,3.112426705964335
824,-0.9996610407376353,0.021923879447396082,9.92,3.112426705964335
825,-0.9996610407376353,0.021923879447396082,9.92,3.112426705964335
826,-0.9996610407376353,0.021923879447396082,9.92,3.112426705964335
827,-0.9996610407376353,0.021923879447396082,9.92,3.112426705964335
828,-0.9996610407376353,0.021923879447396082,9.92,3.112426705964335
829,-0.9996610407376353,0.021923879447396082,9.92,3.112426705964335
830,-0.9996610407376353,0.021923879447396082,9.92,3.112426705964335
831,-0.9996610407376353,0.021923879447396082,9.92,3.112426705964335
832,-0.9996610407376353,0.021923879447396082,9.92,3.112426705964335
833,-0.9996610407376353,0.021923879447396082,9.92,3.112426705964335
834,-0.9996610407376353,0.021923879447396082,9.92,3.112426705964335
835,-0.9996610407376353,0.021923879447396082,9.92,3.112426705964335
836,-0.9996610407376353,0.021923879447396082,9.92,3.112426705964335
837,-0.9996610407376353,0.021923879447396082,9.92,3.112426705964335
838,-0.9996610407376353,0.021923879447396082,9.92,3.112426705964335
839,-0.9996610407376353,0.021923879447396082,9.92,3.112426705964335
840,-0.9996610407376353,0.021923879447396082,9.92,3.112426705964335
841,-0.9996610407376353,0.021923879447396082,9.92,3.112426705964335
842,-0.9996610407376353,0.021923879447396082,9.92,3.112426705964335
843,-0.9996610407376353,0.021923879447396082,9.92,3.112426705964335
844,-0.9996610407376353,0.021923879447396082,9.92,3.112426705964335
845,-0.9996610407376353,0.021923879447396082,9.92,3.112426705964335
846,-0.9996610407376353,0.021923879447396082,9.92,3.112426705964335
847,-0.9996610407376353,0.021923879447396082,9.92,3.112426705964335
848,-0.9996610407376353,0.021923879447396082,9.92,3.112426705964335
849,-0.9996610407376353,0.021923879447396082,9.92,3.112426705964335
850,-0.9996610407376353,0.021923879447396082,9.92,3.112426705964335
851,-0.9996610407376353,0.021923879447396082,9.92,3.112426705964335
852,-0.9996610407376353,0.021923879447396082,9.92,3.112426705964335
853,-0.9996610407376353,0.021923879447396082,9.92,3.112426705964335
854,-0.9996610407376353,0.021923879447396082,9.92,3.112426705964335
855,-0.9996610407376353,0.021923879447396082,9.92,3.112426705964335
856,-0.9996610407376353,0.021923879447396082,9.92,3.112426705964335
857,-0.9996610407376353,0.021923879447396082,9.92,3.112426705964335
858,-0.9996610407376353,0.021923879447396082,9.92,3.112426705964335
859,-0.9996610407376353,0.021923879447396082,9.92,3.112426705964335
860,-0.9996610407376353,0.021923879447396082,9.92,3.112426705964335
861,-0.9996610407376353,0.021923879447396082,9.92,3.112426705964335
862,-0.9996610407376353,0.021923879447396082,9.92,3.112426705964335
863,-0.9996610407376353,0.021923879447396082,9.92,3.112426705964335
864,-0.9996610407376353,0.021923879447396082,9.92,3.112426705964335
865,-0.9996610407376353,0.021923879447396082,9.92,3.112426705964335
866,-0.9996610407376353,0.021923879447396082,9.92,3.112426705964335
867,-0.9996610407376353,0.021923879447396082,9.92,3.112426705964335
868,-0.9996610407376353,0.021923879447396082,9.92,3.112426705964335
869,-0.9996610407376353,0.021923879447396082,9.92,3.112426705964335
870,-0.9996610407376353,0.021923879447396082,9.92,3.112426705964335
871,-0.9996610407376353,0.021923879447396082,9.92,3.112426705964335
872,-0.9996610407376353,0.021923879447396082,9.92,3.112426705964335
873,-0.9996610407376353,0.021923879447396082,9.92,3.112426705964335
874,-0.9996610407376353,0.021923879447396082,9.92,3.112426705964335
875,-0.9996610407376353,0.021923879447396082,9.92,3.112426705964335
876,-0.9996610407376353,0.021923879447396082,9.92,3.112426705964335
877,-0.9996610407376353,0.021923879447396082,9.92,3.112426705964335
878,-0.9996610407376353,0.021923879447396082,9.92,3.112426705964335
879,-0.9996610407376353,0.021923879447396082,9.92,3.112426705964335
880,-0.9996610407376353,0.021923879447396082,9.92,3.112426705964335
881,-0.9996610407376353,0.021923879447396082,9.92,3.112426705964335
882,-0.9996610407376353,0.021923879447396082,9.92,3.112426705964335
883,-0.9996610407376353,0.021923879447396082,9.92,3.112426705964335
884,-0.9996610407376353,0.021923879447396082,9.92,3.112426705964335
885,-0.9996610407376353,0.021923879447396082,9.92,3.112426705964335
886,-0.9996610407376353,0.021923879447396082,9.92,3.112426705964335
887,-0.9996610407376353,0.021923879447396082,9.92,3.112426705964335
888,-0.9996610407376353,0.021923879447396082,9.92,3.112426705964335
889,-0.9996610407376353,0.021923879447396082,9.92,3.112426705964335
890,-0.9996610407376353,0.021923879447396082,9.92,3.112426705964335
891,-0.9996610407376353,0.021923879447396082,9.92,3.112426705964335
892,-0.9996610407376353,0.021923879447396082,9.92,3.112426705964335
893,-0.9996610407376353,0.021923879447396082,9.92,3.112426705964335
894,-0.9996610407376353,0.021923879447396082,9.92,3.112426705964335
895,-0.9996610407376353,0.021923879447396082,9.92,3.112426705964335
896,-0.9996610407376353,0.021923879447396082,9.92,3.112426705964335
897,-0.9996610407376353,0.021923879447396082,9.92,3.112426705964335
898,-0.9996610407376353,0.021923879447396082,9.92,3.112426705964335
899,-0.9996610407376353,0.021923879447396082,9.92,3.112426705964335
900,-0.9996610407376353,0.021923879447396082,9.92,3.112426705964335
901,-0.9996610407376353,0.021923879447396082,9.92,3.112426705964335
902,-0.9996610407376353,0.021923879447396082,9.92,3.112426705964335
903,-0.9996610407376353,0.021923879447396082,9.92,3.112426705964335
904,-0.9996610407376353,0.021923879447396082,9.92,3.112426705964335
905,-0.9996610407376353,0.021923879447396082,9.92,3.112426705964335
906,-0.9996610407376353,0.021923879447396082,9.92,3.112426705964335
907,-0.9996610407376353,0.021923879447396082,9.92,3.112426705964335
908,-0.9996610407376353,0.021923879447396082,9.92,3.112426705964335
909,-0.9996610407376353,0.021923879447396082,9.92,3.112426705964335
910,-0.9996610407376353,0.021923879447396082,9.92,3.112426705964335
911,-0.9996610407376353,0.021923879447396082,9.92,3.112426705964335
912,-0.9996610407376353,0.021923879447396082,9.92,3.112426705964335
913,-0.9996610407376353,0.021923879447396082,9.92,3.112426705964335
914,-0.9996610407376353,0.021923879447396082,9.92,3.112426705964335
915,-0.9996610407376353,0.021923879447396082,9.92,3.112426705964335
916,-0.9996610407376353,0.021923879447396082,9.92,3.112426705964335
917,-0.9996610407376353,0.021923879447396082,9.92,3.112426705964335
918,-0.9996610407376353,0.021923879447396082,9.92,3.112426705964335
919,-0.9996610407376353,0.021923879447396082,9.92,3.112426705964335
920,-0.9996610407376353,0.021923879447396082,9.92,3.112426705964335
921,-0.9996610407376353,0.021923879447396082,9.92,3.112426705964335
922,-0.9996610407376353,0.021923879447396082,9.92,3.112426705964335
923,-0.9996610407376353,0.021923879447396082,9.92,3.112426705964335
924,-0.9996610407376353,0.021923879447396082,9.92,3.112426705964335
925,-0.9996610407376353,0.021923879447396082,9.92,3.112426705964335
926,-0.9996610407376353,0.021923879447396082,9.92,3.112426705964335
927,-0.9996610407376353,0.021923879447396082,9.92,3.112426705964335
928,-0.9996610407376353,0.021923879447396082,9.92,3.112426705964335
929,-0.9996610407376353,0.021923879447396082,9.92,3.112426705964335
930,-0.9996610407376353,0.021923879447396082,9.92,3.112426705964335
931,-0.9996610407376353,0.021923879447396082,9.92,3.112426705964335
932,-0.9996610407376353,0.021923879447396082,9.92,3.112426705964335
933,-0.9996610407376353,0.021923879447396082,9.92,3.112426705964335
934,-0.9996610407376353,0.021923879447396082,9.92,3.112426705964335
935,-0.9996610407376353,0.021923879447396082,9.92,3.112426705964335
936,-0.9996610407376353,0.021923879447396082,9.92,3.112426705964335
937,-0.9996610407376353,0.021923879447396082,9.92,3.112426705964335
938,-0.9996610407376353,0.021923879447396082,9.92,3.112426705964335
939,-0.9996610407376353,0.021923879447396082,9.92,3.112426705964335
940,-0.9996610407376353,0.021923879447396082,9.92,3.112426705964335
941,-0.9996610407376353,0.021923879447396082,9.92,3.112426705964335
942,-0.9996610407376353,0.021923879447396082,9.92,3.112426705964335
943,-0.9996610407376353,0.021923879447396082,9.92,3.112426705964335
944,-0.9996610407376353,0.021923879447396082,9.92,3.112426705964335
945,-0.9996610407376353,0.021923879447396082,9.92,3.112426705964335
946,-0.9996610407376353,0.021923879447396082,9.92,3.112426705964335
947,-0.9996610407376353,0.021923879447396082,9.92,3.112426705964335
948,-0.9996610407376353,0.021923879447396082,9.92,3.112426705964335
949,-0.9996610407376353,0.021923879447396082,9.92,3.112426705964335
950,-0.9996610407376353,0.021923879447396082,9.92,3.112426705964335
951,-0.9996610407376353,0.021923879447396082,9.92,3.112426705964335
952,-0.9996610407376353,0.021923879447396082,9.92,3.112426705964335
953,-0.9996610407376353,0.021923879447396082,9.92,3.112426705964335
954,-0.9996610407376353,0.021923879447396082,9.92,3.112426705964335
955,-0.9996610407376353,0.021923879447396082,9.92,3.112426705964335
956,-0.9996610407376353,0.021923879447396082,9.92,3.112426705964335
957,-0.9996610407376353,0.021923879447396082,9.92,3.112426705964335
958,-0.9996610407376353,0.021923879447396082,9.92,3.112426705964335
959,-0.9996610407376353,0.021923879447396082,9.92,3.112426705964335
960,-0.9996610407376353,0.021923879447396082,9.92,3.112426705964335
961,-0.9996610407376353,0.021923879447396082,9.92,3.112426705964335
962,-0.9996610407376353,0.021923879447396082,9.92,3.112426705964335
963,-0.9996610407376353,0.021923879447396082,9.92,3.112426705964335
964,-0.9996610407376353,0.021923879447396082,9.92,3.112426705964335
965,-0.9996610407376353,0.021923879447396082,9.92,3.112426705964335
966,-0.9996610407376353,0.021923879447396082,9.92,3.112426705964335
967,-0.9996610407376353,0.021923879447396082,9.92,3.112426705964335
968,-0.9996610407376353,0.021923879447396082,9.92,3.112426705964335
969,-0.9996610407376353,0.021923879447396082,9.92,3.112426705964335
970,-0.9996610407376353,0.021923879447396082,9.92,3.112426705964335
971,-0.9996610407376353,0.021923879447396082,9.92,3.112426705964335
972,-0.9996610407376353,0.021923879447396082,9.92,3.112426705964335
973,-0.9996610407376353,0.021923879447396082,9.92,3.112426705964335
974,-0.9996610407376353,0.021923879447396082,9.92,3.112426705964335
975,-0.9996610407376353,0.021923879447396082,9.92,3.112426705964335
976,-0.9996610407376353,0.021923879447396082,9.92,3.112426705964335
977,-0.9996610407376353,0.021923879447396082,9.92,3.112426705964335
978,-0.9996610407376353,0.021923879447396082,9.92,3.112426705964335
979,-0.9996610407376353,0.021923879447396082,9.92,3.112426705964335
980,-0.9996610407376353,0.021923879447396082,9.92,3.112426705964335
981,-0.9996610407376353,0.021923879447396082,9.92,3.112426705964335
982,-0.9996610407376353,0.021923879447396082,9.92,3.112426705964335
983,-0.9996610407376353,0.021923879447396082,9.92,3.112426705964335
984,-0.9996610407376353,0.021923879447396082,9.92,3.112426705964335
985,-0.9996610407376353,0.021923879447396082,9.92,3.112426705964335
986,-0.9996610407376353,0.021923879447396082,9.92,3.112426705964335
987,-0.9996610407376353,0.021923879447396082,9.92,3.112426705964335
988,-0.9996610407376353,0.021923879447396082,9.92,3.112426705964335
989,-0.9996610407376353,0.021923879447396082,9.92,3.112426705964335
990,-0.9996610407376353,0.021923879447396082,9.92,3.112426705964335
991,-0.9996610407376353,0.021923879447396082,9.92,3.112426705964335
992,-0.9996610407376353,0.021923879447396082,9.92,3.112426705964335
993,-0.9996610407376353,0.021923879447396082,9.92,3.112426705964335
994,-0.9996610407376353,0.021923879447396082,9.92,3.112426705964335
995,-0.9996610407376353,0.021923879447396082,9.92,3.112426705964335
996,-0.9996610407376353,0.021923879447396082,9.92,3.112426705964335
997,-0.9996610407376353,0.021923879447396082,9.92,3.112426705964335
998,-0.9996610407376353,0.021923879447396082,9.92,3.112426705964335
999,-0.9996610407376353,0.021923879447396082,9.92,3.112426705964335
